"filename", "language", "JSON", "C#", "XML", "Docker", "Markdown", "Dotenv", "JavaScript", "JavaScript JSX", "PostCSS", "HTML", "MS SQL", "comment", "blank", "total"
"c:\Proyectos\jenappweb\JENAPP_WEB\.config\dotnet-tools.json", "JSON", 13, 0, 0, 0, 0, 0, 0, 0, 0, 0, 0, 0, 0, 13
"c:\Proyectos\jenappweb\JENAPP_WEB\PORTABILIDAD.md", "Markdown", 0, 0, 0, 0, 56, 0, 0, 0, 0, 0, 0, 0, 27, 83
"c:\Proyectos\jenappweb\JENAPP_WEB\React\.env", "Dotenv", 0, 0, 0, 0, 0, 1, 0, 0, 0, 0, 0, 0, 1, 2
"c:\Proyectos\jenappweb\JENAPP_WEB\React\README.md", "Markdown", 0, 0, 0, 0, 9, 0, 0, 0, 0, 0, 0, 0, 8, 17
"c:\Proyectos\jenappweb\JENAPP_WEB\React\eslint.config.js", "JavaScript", 0, 0, 0, 0, 0, 0, 28, 0, 0, 0, 0, 0, 2, 30
"c:\Proyectos\jenappweb\JENAPP_WEB\React\index.html", "HTML", 0, 0, 0, 0, 0, 0, 0, 0, 0, 13, 0, 0, 1, 14
"c:\Proyectos\jenappweb\JENAPP_WEB\React\package-lock.json", "JSON", 3799, 0, 0, 0, 0, 0, 0, 0, 0, 0, 0, 0, 1, 3800
"c:\Proyectos\jenappweb\JENAPP_WEB\React\package.json", "JSON", 39, 0, 0, 0, 0, 0, 0, 0, 0, 0, 0, 0, 1, 40
"c:\Proyectos\jenappweb\JENAPP_WEB\React\public\vite.svg", "XML", 0, 0, 1, 0, 0, 0, 0, 0, 0, 0, 0, 0, 0, 1
"c:\Proyectos\jenappweb\JENAPP_WEB\React\src\App.css", "PostCSS", 0, 0, 0, 0, 0, 0, 0, 0, 3, 0, 0, 0, 1, 4
"c:\Proyectos\jenappweb\JENAPP_WEB\React\src\App.jsx", "JavaScript JSX", 0, 0, 0, 0, 0, 0, 0, 45, 0, 0, 0, 0, 7, 52
"c:\Proyectos\jenappweb\JENAPP_WEB\React\src\api\api.js", "JavaScript", 0, 0, 0, 0, 0, 0, 27, 0, 0, 0, 0, 0, 13, 40
"c:\Proyectos\jenappweb\JENAPP_WEB\React\src\api\baseurl.js", "JavaScript", 0, 0, 0, 0, 0, 0, 14, 0, 0, 0, 0, 0, 4, 18
"c:\Proyectos\jenappweb\JENAPP_WEB\React\src\api\categorias.js", "JavaScript", 0, 0, 0, 0, 0, 0, 42, 0, 0, 0, 0, 0, 5, 47
"c:\Proyectos\jenappweb\JENAPP_WEB\React\src\api\inventario.js", "JavaScript", 0, 0, 0, 0, 0, 0, 25, 0, 0, 0, 0, 0, 6, 31
"c:\Proyectos\jenappweb\JENAPP_WEB\React\src\api\pendingSales.js", "JavaScript", 0, 0, 0, 0, 0, 0, 27, 0, 0, 0, 0, 0, 4, 31
"c:\Proyectos\jenappweb\JENAPP_WEB\React\src\api\productos.js", "JavaScript", 0, 0, 0, 0, 0, 0, 64, 0, 0, 0, 0, 0, 15, 79
"c:\Proyectos\jenappweb\JENAPP_WEB\React\src\api\reports.js", "JavaScript", 0, 0, 0, 0, 0, 0, 43, 0, 0, 0, 0, 0, 13, 56
"c:\Proyectos\jenappweb\JENAPP_WEB\React\src\api\sales.js", "JavaScript", 0, 0, 0, 0, 0, 0, 43, 0, 0, 0, 0, 0, 10, 53
"c:\Proyectos\jenappweb\JENAPP_WEB\React\src\api\users.js", "JavaScript", 0, 0, 0, 0, 0, 0, 55, 0, 0, 0, 0, 0, 11, 66
"c:\Proyectos\jenappweb\JENAPP_WEB\React\src\assets\react.svg", "XML", 0, 0, 1, 0, 0, 0, 0, 0, 0, 0, 0, 0, 0, 1
"c:\Proyectos\jenappweb\JENAPP_WEB\React\src\components\CategoriaSelector.jsx", "JavaScript JSX", 0, 0, 0, 0, 0, 0, 0, 122, 0, 0, 0, 0, 15, 137
"c:\Proyectos\jenappweb\JENAPP_WEB\React\src\components\ChatJenApp.jsx", "JavaScript JSX", 0, 0, 0, 0, 0, 0, 0, 119, 0, 0, 0, 0, 16, 135
"c:\Proyectos\jenappweb\JENAPP_WEB\React\src\components\Notification.jsx", "JavaScript JSX", 0, 0, 0, 0, 0, 0, 0, 12, 0, 0, 0, 0, 4, 16
"c:\Proyectos\jenappweb\JENAPP_WEB\React\src\components\PrivateRoute.jsx", "JavaScript JSX", 0, 0, 0, 0, 0, 0, 0, 12, 0, 0, 0, 0, 1, 13
"c:\Proyectos\jenappweb\JENAPP_WEB\React\src\components\SalesChart.jsx", "JavaScript JSX", 0, 0, 0, 0, 0, 0, 0, 82, 0, 0, 0, 0, 16, 98
"c:\Proyectos\jenappweb\JENAPP_WEB\React\src\components\VentaForm.jsx", "JavaScript JSX", 0, 0, 0, 0, 0, 0, 0, 80, 0, 0, 0, 0, 11, 91
"c:\Proyectos\jenappweb\JENAPP_WEB\React\src\components\VentaList.jsx", "JavaScript JSX", 0, 0, 0, 0, 0, 0, 0, 93, 0, 0, 0, 0, 9, 102
"c:\Proyectos\jenappweb\JENAPP_WEB\React\src\components\VentaModal.jsx", "JavaScript JSX", 0, 0, 0, 0, 0, 0, 0, 90, 0, 0, 0, 0, 12, 102
"c:\Proyectos\jenappweb\JENAPP_WEB\React\src\components\VentasPendientes.jsx", "JavaScript JSX", 0, 0, 0, 0, 0, 0, 0, 177, 0, 0, 0, 0, 23, 200
"c:\Proyectos\jenappweb\JENAPP_WEB\React\src\css\CategoriaSelector.css", "PostCSS", 0, 0, 0, 0, 0, 0, 0, 0, 44, 0, 0, 0, 9, 53
"c:\Proyectos\jenappweb\JENAPP_WEB\React\src\css\Categorias.css", "PostCSS", 0, 0, 0, 0, 0, 0, 0, 0, 83, 0, 0, 0, 13, 96
"c:\Proyectos\jenappweb\JENAPP_WEB\React\src\css\ChatJenApp.css", "PostCSS", 0, 0, 0, 0, 0, 0, 0, 0, 174, 0, 0, 4, 24, 202
"c:\Proyectos\jenappweb\JENAPP_WEB\React\src\css\Dashboard.css", "PostCSS", 0, 0, 0, 0, 0, 0, 0, 0, 199, 0, 0, 0, 34, 233
"c:\Proyectos\jenappweb\JENAPP_WEB\React\src\css\Inventario.css", "PostCSS", 0, 0, 0, 0, 0, 0, 0, 0, 122, 0, 0, 0, 21, 143
"c:\Proyectos\jenappweb\JENAPP_WEB\React\src\css\Login.css", "PostCSS", 0, 0, 0, 0, 0, 0, 0, 0, 100, 0, 0, 0, 14, 114
"c:\Proyectos\jenappweb\JENAPP_WEB\React\src\css\Notification.css", "PostCSS", 0, 0, 0, 0, 0, 0, 0, 0, 23, 0, 0, 0, 2, 25
"c:\Proyectos\jenappweb\JENAPP_WEB\React\src\css\PedidoPublico.css", "PostCSS", 0, 0, 0, 0, 0, 0, 0, 0, 206, 0, 0, 4, 46, 256
"c:\Proyectos\jenappweb\JENAPP_WEB\React\src\css\Productos.css", "PostCSS", 0, 0, 0, 0, 0, 0, 0, 0, 157, 0, 0, 0, 27, 184
"c:\Proyectos\jenappweb\JENAPP_WEB\React\src\css\Register.css", "PostCSS", 0, 0, 0, 0, 0, 0, 0, 0, 10, 0, 0, 0, 2, 12
"c:\Proyectos\jenappweb\JENAPP_WEB\React\src\css\ReportesVentas.css", "PostCSS", 0, 0, 0, 0, 0, 0, 0, 0, 118, 0, 0, 0, 22, 140
"c:\Proyectos\jenappweb\JENAPP_WEB\React\src\css\SalesChart.css", "PostCSS", 0, 0, 0, 0, 0, 0, 0, 0, 18, 0, 0, 6, 7, 31
"c:\Proyectos\jenappweb\JENAPP_WEB\React\src\css\Venta.css", "PostCSS", 0, 0, 0, 0, 0, 0, 0, 0, 232, 0, 0, 14, 43, 289
"c:\Proyectos\jenappweb\JENAPP_WEB\React\src\index.css", "PostCSS", 0, 0, 0, 0, 0, 0, 0, 0, 197, 0, 0, 0, 36, 233
"c:\Proyectos\jenappweb\JENAPP_WEB\React\src\layouts\MainLayout.css", "PostCSS", 0, 0, 0, 0, 0, 0, 0, 0, 68, 0, 0, 0, 10, 78
"c:\Proyectos\jenappweb\JENAPP_WEB\React\src\layouts\MainLayout.jsx", "JavaScript JSX", 0, 0, 0, 0, 0, 0, 0, 22, 0, 0, 0, 0, 3, 25
"c:\Proyectos\jenappweb\JENAPP_WEB\React\src\layouts\Sidebar.css", "PostCSS", 0, 0, 0, 0, 0, 0, 0, 0, 140, 0, 0, 0, 19, 159
"c:\Proyectos\jenappweb\JENAPP_WEB\React\src\layouts\Sidebar.jsx", "JavaScript JSX", 0, 0, 0, 0, 0, 0, 0, 51, 0, 0, 0, 0, 9, 60
"c:\Proyectos\jenappweb\JENAPP_WEB\React\src\layouts\Topbar.css", "PostCSS", 0, 0, 0, 0, 0, 0, 0, 0, 76, 0, 0, 0, 14, 90
"c:\Proyectos\jenappweb\JENAPP_WEB\React\src\layouts\Topbar.jsx", "JavaScript JSX", 0, 0, 0, 0, 0, 0, 0, 48, 0, 0, 0, 0, 8, 56
"c:\Proyectos\jenappweb\JENAPP_WEB\React\src\main.jsx", "JavaScript JSX", 0, 0, 0, 0, 0, 0, 0, 16, 0, 0, 0, 0, 4, 20
"c:\Proyectos\jenappweb\JENAPP_WEB\React\src\pages\Categorias.jsx", "JavaScript JSX", 0, 0, 0, 0, 0, 0, 0, 114, 0, 0, 0, 0, 17, 131
"c:\Proyectos\jenappweb\JENAPP_WEB\React\src\pages\Dashboard.jsx", "JavaScript JSX", 0, 0, 0, 0, 0, 0, 0, 151, 0, 0, 0, 0, 18, 169
"c:\Proyectos\jenappweb\JENAPP_WEB\React\src\pages\Inventario.jsx", "JavaScript JSX", 0, 0, 0, 0, 0, 0, 0, 168, 0, 0, 0, 0, 23, 191
"c:\Proyectos\jenappweb\JENAPP_WEB\React\src\pages\Login.jsx", "JavaScript JSX", 0, 0, 0, 0, 0, 0, 0, 57, 0, 0, 0, 0, 11, 68
"c:\Proyectos\jenappweb\JENAPP_WEB\React\src\pages\PedidoPublico.jsx", "JavaScript JSX", 0, 0, 0, 0, 0, 0, 0, 356, 0, 0, 0, 1, 48, 405
"c:\Proyectos\jenappweb\JENAPP_WEB\React\src\pages\Productos.jsx", "JavaScript JSX", 0, 0, 0, 0, 0, 0, 0, 207, 0, 0, 0, 0, 24, 231
"c:\Proyectos\jenappweb\JENAPP_WEB\React\src\pages\Register.jsx", "JavaScript JSX", 0, 0, 0, 0, 0, 0, 0, 83, 0, 0, 0, 0, 12, 95
"c:\Proyectos\jenappweb\JENAPP_WEB\React\src\pages\ReportesVentas.jsx", "JavaScript JSX", 0, 0, 0, 0, 0, 0, 0, 167, 0, 0, 0, 0, 19, 186
"c:\Proyectos\jenappweb\JENAPP_WEB\React\src\pages\SeguimientoPedidoPublico.jsx", "JavaScript JSX", 0, 0, 0, 0, 0, 0, 0, 134, 0, 0, 0, 0, 19, 153
"c:\Proyectos\jenappweb\JENAPP_WEB\React\src\pages\Venta.jsx", "JavaScript JSX", 0, 0, 0, 0, 0, 0, 0, 78, 0, 0, 0, 0, 13, 91
"c:\Proyectos\jenappweb\JENAPP_WEB\React\vite.config.js", "JavaScript", 0, 0, 0, 0, 0, 0, 5, 0, 0, 0, 0, 1, 2, 8
"c:\Proyectos\jenappweb\JENAPP_WEB\Webapi\Controllers\CategoriesController.cs", "C#", 0, 84, 0, 0, 0, 0, 0, 0, 0, 0, 0, 7, 21, 112
"c:\Proyectos\jenappweb\JENAPP_WEB\Webapi\Controllers\ChatController.cs", "C#", 0, 26, 0, 0, 0, 0, 0, 0, 0, 0, 0, 0, 7, 33
"c:\Proyectos\jenappweb\JENAPP_WEB\Webapi\Controllers\InventoryMovementsController.cs", "C#", 0, 43, 0, 0, 0, 0, 0, 0, 0, 0, 0, 3, 5, 51
"c:\Proyectos\jenappweb\JENAPP_WEB\Webapi\Controllers\PendingSalesController.cs", "C#", 0, 213, 0, 0, 0, 0, 0, 0, 0, 0, 0, 8, 48, 269
"c:\Proyectos\jenappweb\JENAPP_WEB\Webapi\Controllers\ProductsController.cs", "C#", 0, 124, 0, 0, 0, 0, 0, 0, 0, 0, 0, 7, 24, 155
"c:\Proyectos\jenappweb\JENAPP_WEB\Webapi\Controllers\ReportsController.cs", "C#", 0, 36, 0, 0, 0, 0, 0, 0, 0, 0, 0, 0, 5, 41
"c:\Proyectos\jenappweb\JENAPP_WEB\Webapi\Controllers\SaleDetailsController.cs", "C#", 0, 102, 0, 0, 0, 0, 0, 0, 0, 0, 0, 7, 21, 130
"c:\Proyectos\jenappweb\JENAPP_WEB\Webapi\Controllers\SalesController.cs", "C#", 0, 71, 0, 0, 0, 0, 0, 0, 0, 0, 0, 5, 12, 88
"c:\Proyectos\jenappweb\JENAPP_WEB\Webapi\Controllers\UsersController.cs", "C#", 0, 115, 0, 0, 0, 0, 0, 0, 0, 0, 0, 8, 21, 144
"c:\Proyectos\jenappweb\JENAPP_WEB\Webapi\Controllers\WeatherForecastController.cs", "C#", 0, 29, 0, 0, 0, 0, 0, 0, 0, 0, 0, 0, 5, 34
"c:\Proyectos\jenappweb\JENAPP_WEB\Webapi\Data\Connectioncontextdb.cs", "C#", 0, 116, 0, 0, 0, 0, 0, 0, 0, 0, 0, 0, 27, 143
"c:\Proyectos\jenappweb\JENAPP_WEB\Webapi\Dockerfile", "Docker", 0, 0, 0, 10, 0, 0, 0, 0, 0, 0, 0, 2, 4, 16
"c:\Proyectos\jenappweb\JENAPP_WEB\Webapi\Hubs\NotificationsHub.cs", "C#", 0, 15, 0, 0, 0, 0, 0, 0, 0, 0, 0, 0, 4, 19
"c:\Proyectos\jenappweb\JENAPP_WEB\Webapi\JwtTokensGenerator.cs", "C#", 0, 40, 0, 0, 0, 0, 0, 0, 0, 0, 0, 1, 8, 49
"c:\Proyectos\jenappweb\JENAPP_WEB\Webapi\Middleware\TenantMiddleware.cs", "C#", 0, 57, 0, 0, 0, 0, 0, 0, 0, 0, 0, 0, 11, 68
"c:\Proyectos\jenappweb\JENAPP_WEB\Webapi\Migrations\20251211221144_Intitialmigration.Designer.cs", "C#", 0, 243, 0, 0, 0, 0, 0, 0, 0, 0, 0, 2, 91, 336
"c:\Proyectos\jenappweb\JENAPP_WEB\Webapi\Migrations\20251211221144_Intitialmigration.cs", "C#", 0, 214, 0, 0, 0, 0, 0, 0, 0, 0, 0, 3, 24, 241
"c:\Proyectos\jenappweb\JENAPP_WEB\Webapi\Migrations\20251211224050_sales.Designer.cs", "C#", 0, 255, 0, 0, 0, 0, 0, 0, 0, 0, 0, 2, 95, 352
"c:\Proyectos\jenappweb\JENAPP_WEB\Webapi\Migrations\20251211224050_sales.cs", "C#", 0, 50, 0, 0, 0, 0, 0, 0, 0, 0, 0, 3, 10, 63
"c:\Proyectos\jenappweb\JENAPP_WEB\Webapi\Migrations\20251211230012_MigracionInicial.Designer.cs", "C#", 0, 258, 0, 0, 0, 0, 0, 0, 0, 0, 0, 2, 96, 356
"c:\Proyectos\jenappweb\JENAPP_WEB\Webapi\Migrations\20251211230012_MigracionInicial.cs", "C#", 0, 23, 0, 0, 0, 0, 0, 0, 0, 0, 0, 3, 4, 30
"c:\Proyectos\jenappweb\JENAPP_WEB\Webapi\Migrations\20260602042316_AddMultitenancy.Designer.cs", "C#", 0, 374, 0, 0, 0, 0, 0, 0, 0, 0, 0, 2, 138, 514
"c:\Proyectos\jenappweb\JENAPP_WEB\Webapi\Migrations\20260602042316_AddMultitenancy.cs", "C#", 0, 272, 0, 0, 0, 0, 0, 0, 0, 0, 0, 3, 58, 333
"c:\Proyectos\jenappweb\JENAPP_WEB\Webapi\Migrations\AddMultitenancy.sql", "MS SQL", 0, 0, 0, 0, 0, 0, 0, 0, 0, 0, 49, 0, 32, 81
"c:\Proyectos\jenappweb\JENAPP_WEB\Webapi\Migrations\ConnectioncontextdbModelSnapshot.cs", "C#", 0, 372, 0, 0, 0, 0, 0, 0, 0, 0, 0, 1, 138, 511
"c:\Proyectos\jenappweb\JENAPP_WEB\Webapi\Models\Category.cs", "C#", 0, 10, 0, 0, 0, 0, 0, 0, 0, 0, 0, 0, 1, 11
"c:\Proyectos\jenappweb\JENAPP_WEB\Webapi\Models\ITenantScoped.cs", "C#", 0, 7, 0, 0, 0, 0, 0, 0, 0, 0, 0, 0, 1, 8
"c:\Proyectos\jenappweb\JENAPP_WEB\Webapi\Models\InventoryMovement.cs", "C#", 0, 15, 0, 0, 0, 0, 0, 0, 0, 0, 0, 0, 1, 16
"c:\Proyectos\jenappweb\JENAPP_WEB\Webapi\Models\PendingSale.cs", "C#", 0, 20, 0, 0, 0, 0, 0, 0, 0, 0, 0, 0, 1, 21
"c:\Proyectos\jenappweb\JENAPP_WEB\Webapi\Models\PendingSaleDetail.cs", "C#", 0, 18, 0, 0, 0, 0, 0, 0, 0, 0, 0, 0, 4, 22
"c:\Proyectos\jenappweb\JENAPP_WEB\Webapi\Models\Product.cs", "C#", 0, 15, 0, 0, 0, 0, 0, 0, 0, 0, 0, 0, 1, 16
"c:\Proyectos\jenappweb\JENAPP_WEB\Webapi\Models\Reports.cs", "C#", 0, 27, 0, 0, 0, 0, 0, 0, 0, 0, 0, 0, 4, 31
"c:\Proyectos\jenappweb\JENAPP_WEB\Webapi\Models\Sale.cs", "C#", 0, 17, 0, 0, 0, 0, 0, 0, 0, 0, 0, 0, 1, 18
"c:\Proyectos\jenappweb\JENAPP_WEB\Webapi\Models\SaleDetail.cs", "C#", 0, 18, 0, 0, 0, 0, 0, 0, 0, 0, 0, 0, 4, 22
"c:\Proyectos\jenappweb\JENAPP_WEB\Webapi\Models\Tenant.cs", "C#", 0, 11, 0, 0, 0, 0, 0, 0, 0, 0, 0, 0, 1, 12
"c:\Proyectos\jenappweb\JENAPP_WEB\Webapi\Models\User.cs", "C#", 0, 11, 0, 0, 0, 0, 0, 0, 0, 0, 0, 0, 1, 12
"c:\Proyectos\jenappweb\JENAPP_WEB\Webapi\Program.cs", "C#", 0, 89, 0, 0, 0, 0, 0, 0, 0, 0, 0, 3, 25, 117
"c:\Proyectos\jenappweb\JENAPP_WEB\Webapi\Properties\launchSettings.json", "JSON", 41, 0, 0, 0, 0, 0, 0, 0, 0, 0, 0, 0, 1, 42
"c:\Proyectos\jenappweb\JENAPP_WEB\Webapi\Repositories\IRepository.cs", "C#", 0, 11, 0, 0, 0, 0, 0, 0, 0, 0, 0, 0, 1, 12
"c:\Proyectos\jenappweb\JENAPP_WEB\Webapi\Repositories\IUserRepository.cs", "C#", 0, 8, 0, 0, 0, 0, 0, 0, 0, 0, 0, 0, 2, 10
"c:\Proyectos\jenappweb\JENAPP_WEB\Webapi\Repositories\Repository.cs", "C#", 0, 42, 0, 0, 0, 0, 0, 0, 0, 0, 0, 0, 7, 49
"c:\Proyectos\jenappweb\JENAPP_WEB\Webapi\Services\ChatbotService.cs", "C#", 0, 144, 0, 0, 0, 0, 0, 0, 0, 0, 0, 0, 46, 190
"c:\Proyectos\jenappweb\JENAPP_WEB\Webapi\Services\ITenantProvider.cs", "C#", 0, 9, 0, 0, 0, 0, 0, 0, 0, 0, 0, 0, 1, 10
"c:\Proyectos\jenappweb\JENAPP_WEB\Webapi\Services\Inventoryservice.cs", "C#", 0, 45, 0, 0, 0, 0, 0, 0, 0, 0, 0, 0, 8, 53
"c:\Proyectos\jenappweb\JENAPP_WEB\Webapi\Services\Productservice.cs", "C#", 0, 23, 0, 0, 0, 0, 0, 0, 0, 0, 0, 0, 3, 26
"c:\Proyectos\jenappweb\JENAPP_WEB\Webapi\Services\Reportsservice.cs", "C#", 0, 157, 0, 0, 0, 0, 0, 0, 0, 0, 0, 0, 32, 189
"c:\Proyectos\jenappweb\JENAPP_WEB\Webapi\Services\Saleservice.cs", "C#", 0, 65, 0, 0, 0, 0, 0, 0, 0, 0, 0, 0, 13, 78
"c:\Proyectos\jenappweb\JENAPP_WEB\Webapi\Services\TenantProvider.cs", "C#", 0, 13, 0, 0, 0, 0, 0, 0, 0, 0, 0, 0, 2, 15
"c:\Proyectos\jenappweb\JENAPP_WEB\Webapi\Services\Userservice.cs", "C#", 0, 102, 0, 0, 0, 0, 0, 0, 0, 0, 0, 0, 25, 127
"c:\Proyectos\jenappweb\JENAPP_WEB\Webapi\WeatherForecast.cs", "C#", 0, 10, 0, 0, 0, 0, 0, 0, 0, 0, 0, 0, 4, 14
"c:\Proyectos\jenappweb\JENAPP_WEB\Webapi\Webapi.csproj", "XML", 0, 0, 28, 0, 0, 0, 0, 0, 0, 0, 0, 0, 4, 32
"c:\Proyectos\jenappweb\JENAPP_WEB\Webapi\appsettings.Development.json", "JSON", 8, 0, 0, 0, 0, 0, 0, 0, 0, 0, 0, 0, 1, 9
"c:\Proyectos\jenappweb\JENAPP_WEB\Webapi\appsettings.json", "JSON", 21, 0, 0, 0, 0, 0, 0, 0, 0, 0, 0, 0, 1, 22
"Total", "-", 3921, 4019, 30, 10, 65, 1, 373, 2484, 1970, 13, 49, 102, 1915, 14952